Series,Episode,IMDb Rating,Volatility,Average Points,Point Variance,Rank Spread,Lead Changes,Max Points,Min Points,Point Range,Comeback Index,Tension,Score Skewness,Winner Dominance,Lead Retention,Score StdDev,Winner Diversity,Winner Margin Slope
18,1,7.0,1.05,2.56,3.2064,1.4702194904667258,3,5.0,0.0,5.0,4.0,1.0,-0.015043711160204346,5.25,3,1.6440445545455595,3,2.5
18,2,7.1,0.72,2.533333333333333,3.382222222222221,1.2713993002295483,2,8.0,0.0,8.0,0.0,4.0,0.6261779404026878,6.0,5,1.7290627959706377,4,1.3714285714285714
18,3,7.7,0.5,3.32,3.6576,1.5935445985704515,1,5.0,0.0,5.0,3.0,3.0,0.20090262645107668,5.5,3,1.795740768691735,3,2.6
18,4,7.2,0.6,3.16,4.694400000000001,1.5380849287617195,2,10.0,0.0,10.0,-1.0,4.0,0.6516986496800821,7.75,3,1.9631767776785654,4,1.5
18,5,7.9,0.47368421052631576,2.888888888888889,2.246913580246914,1.5061258985616197,4,5.0,0.0,5.0,-1.0,0.0,0.11151226452485177,4.25,4,1.4175702404773773,3,
18,6,7.8,0.6,2.64,3.4304,1.3347739566343322,1,5.0,0.0,5.0,0.0,1.0,-0.027375230646794625,6.0,1,1.6380753019285845,3,2.1
18,7,7.7,0.7,3.0,4.8,1.5256791602754578,0,5.0,-3.0,8.0,0.0,6.0,0.557657184542019,8.75,5,1.8966215266948663,3,1.7000000000000002
18,8,7.8,0.5,3.04,1.6383999999999999,1.5055923539739322,1,5.0,1.0,4.0,2.0,2.0,-0.8184255374428423,4.75,4,1.035864038221354,3,1.4
18,9,7.6,0.55,3.48,1.5296,1.5309108707149697,0,5.0,1.0,4.0,0.0,1.0,-0.2543027658961962,4.5,5,1.053266231566619,3,1.4000000000000001
18,10,7.6,1.05,2.76,3.1424000000000003,1.5806318503156755,2,5.0,0.0,5.0,0.0,3.0,-0.39976663999508055,4.0,4,1.7102465858456122,4,0.4
3,1,8.1,0.9,2.92,2.3935999999999997,1.5866623264262063,0,5.0,0.0,5.0,0.0,5.0,-0.07070855158244639,8.0,5,1.2642332270233092,4,1.9000000000000001
3,2,8.2,0.84,2.8333333333333335,2.8722222222222222,1.2418211000373802,1,5.0,0.0,5.0,3.0,3.0,0.0,5.0,5,1.6214360670232058,3,1.5999999999999999
3,3,8.1,0.72,2.933333333333333,2.262222222222222,1.5747379652381364,2,5.0,0.0,5.0,2.0,1.0,-1.025521416413097,5.5,1,1.2790574472898222,4,1.6857142857142855
3,4,8.0,0.9411764705882353,2.8076923076923075,1.9245562130177518,1.5995750746809823,3,5.0,0.0,5.0,,1.0,-0.6927284074925387,3.0,3,1.155623952033118,3,
3,5,8.1,1.1,2.68,4.137600000000001,1.4886557350635181,2,5.0,0.0,5.0,-2.0,1.0,-0.20090262645107848,4.5,4,1.9442843189025676,3,0.6000000000000001
2,1,8.3,0.3,2.88,2.5856,1.6547828378597103,2,5.0,0.0,5.0,1.0,2.0,-0.3012479719371726,7.0,4,1.219324526594038,4,2.7
2,2,8.0,0.56,3.0,3.0,1.352234950389432,1,5.0,0.0,5.0,1.0,6.0,0.557657184542019,8.75,5,1.5432853654010907,4,2.3142857142857145
2,3,8.0,0.72,4.0,12.266666666666667,1.5801858451373405,3,15.0,0.0,15.0,-1.0,3.0,-0.2656473808478021,7.5,2,3.175230552911701,4,1.3142857142857143
2,4,8.0,0.56,2.2333333333333334,3.5122222222222215,1.375834768875975,0,5.0,0.0,5.0,0.0,1.0,-0.876613580264112,5.75,6,1.6724143350578788,3,0.2571428571428572
2,5,8.2,1.15,2.72,2.3616,1.505592353973932,2,5.0,0.0,5.0,2.0,6.0,1.2332361516034989,6.75,2,1.4055859941465823,3,2.3000000000000003
1,1,8.0,0.42105263157894735,2.7777777777777777,2.4691358024691357,1.4641076988815651,3,5.0,0.0,5.0,2.0,0.0,-0.8095920178218731,5.0,1,1.2722751736919502,3,
1,2,8.3,0.55,3.12,2.1056,1.6950670639335006,2,5.0,1.0,4.0,0.0,3.0,-0.3674514164921938,6.75,5,1.1761424470585817,3,1.7000000000000002
1,3,8.2,0.25,2.625,3.171875,1.443993987944594,2,5.0,0.0,5.0,0.0,0.0,-0.3448219545279629,6.5,7,1.6251483825509616,3,
1,4,8.2,0.3,2.28,2.0416000000000003,1.511762600849854,1,5.0,1.0,4.0,1.0,1.0,0.3955562317756366,4.5,2,1.2915980309476431,3,0.9
1,5,8.1,0.88,2.6,2.64,1.639616723843757,3,5.0,0.0,5.0,2.0,2.0,-0.3958703373438166,5.5,4,1.4232452339574437,3,1.0285714285714287
1,6,7.9,0.65,2.52,2.6496000000000004,1.5380849287617195,1,5.0,0.0,5.0,1.0,2.0,0.18022440393405018,6.75,1,1.4122415106909363,3,1.9000000000000001
5,1,7.9,0.95,3.0,2.08,1.4772725717900805,0,5.0,0.0,5.0,,,,,0,1.34754793483546,3,
5,2,7.9,1.16,3.033333333333333,2.6322222222222225,1.3900976964240945,0,5.0,0.0,5.0,,,,,0,1.578296455536588,5,
5,3,8.0,0.8,2.92,2.3936,1.483493107300904,0,5.0,0.0,5.0,,,,,0,1.4412976877314214,4,
5,4,7.8,0.46875,2.5945945945945947,2.619430241051863,1.4469480171755715,0,5.0,0.0,5.0,,,,,0,1.4829707662044558,3,
5,5,8.3,1.2352941176470589,2.769230769230769,3.1005917159763308,1.657050992803697,2,5.0,0.0,5.0,,,,,0,1.7250436362228108,4,
5,6,8.2,0.8,2.7857142857142856,2.739795918367347,1.5018778868746223,2,5.0,0.0,5.0,,,,,0,1.616710988065949,4,
5,7,8.0,1.0,2.6,4.24,1.614499096287345,0,5.0,-2.0,7.0,,,,,0,2.0069656393480666,4,
5,8,8.8,0.8823529411764706,2.7037037037037037,2.8010973936899854,1.2632013577252574,2,5.0,0.0,5.0,,,,,1,1.299501024288566,5,
4,1,8.2,0.75,3.08,1.8336000000000001,1.5476424441255747,1,5.0,1.0,4.0,0.0,1.0,-0.13194826809381743,3.25,2,1.269506279826304,4,0.5
4,2,8.2,0.6,2.8666666666666667,2.8488888888888892,1.447995104358979,1,5.0,0.0,5.0,0.0,2.0,-0.8238983939499831,3.5,4,1.6172701771814744,4,0.7714285714285715
4,3,8.3,0.5,2.125,4.234375,1.4513746244543488,2,5.0,-4.0,9.0,1.0,0.0,-0.8460602244618216,6.75,4,1.8618644437813892,3,
4,4,7.9,0.48,3.2666666666666666,1.9288888888888887,1.664787899606548,2,5.0,1.0,4.0,0.0,1.0,0.04594923558454897,5.5,4,1.2229306076404218,4,1.5142857142857142
4,5,8.2,0.375,2.71875,3.3271484375,1.411441615471389,2,5.0,0.0,5.0,0.0,0.0,-0.3631734744194293,4.5,7,1.7686926311261817,4,
4,6,7.9,1.0526315789473684,2.75,3.044642857142857,1.6853729443127605,5,5.0,0.0,5.0,,3.0,0.6927284074925387,4.5,4,1.5550702891550483,5,
4,7,8.2,0.9615384615384616,2.787878787878788,2.1671258034894403,1.3633797976636433,4,5.0,0.0,5.0,-1.0,0.0,-1.4286267334338272,2.0,3,1.4101543717519718,4,
4,8,8.4,0.44,2.7666666666666666,2.778888888888888,1.5289440568712884,1,5.0,0.0,5.0,3.0,1.0,0.16002650157186943,5.5,4,1.562350153169667,4,2.0285714285714285
6,1,7.5,0.42105263157894735,2.6666666666666665,3.0370370370370363,1.515043479645015,4,5.0,0.0,5.0,0.0,0.0,-0.5418228971697727,4.5,3,1.5171977515639683,4,
6,2,7.6,1.36,2.433333333333333,2.845555555555556,1.2634846881112647,3,5.0,0.0,5.0,0.0,5.0,1.3532751773025942,5.5,6,1.6249762315129737,4,0.9142857142857143
6,3,7.4,0.45,3.12,2.1856,1.5610520237826642,2,6.0,1.0,5.0,0.0,3.0,-0.7456435718389564,8.0,2,0.9221114648370324,4,1.5
6,4,7.5,1.0666666666666667,3.0285714285714285,3.227755102040817,1.1553609547803962,3,5.0,0.0,5.0,-1.0,1.0,-0.13802317223309082,3.5,2,1.759985814357827,4,0.7857142857142857
6,5,7.8,0.48,3.566666666666667,2.1122222222222216,1.5452605789821314,3,5.0,1.0,4.0,-1.0,1.0,-0.10627765263300512,5.75,4,1.278968090170484,4,1.2857142857142858
6,6,7.6,0.32,2.9,2.8233333333333333,1.626096229142015,2,5.0,0.0,5.0,-1.0,3.0,0.07797780653693187,7.0,4,1.518489544724164,5,0.4285714285714286
6,7,7.8,0.6,2.9,2.623333333333333,1.6414597663060082,4,5.0,0.0,5.0,3.0,1.0,0.10880269824165077,4.5,3,1.5416757788156803,4,0.6857142857142857
6,8,7.4,1.105263157894737,2.925925925925926,2.2167352537722906,1.2918999811649134,5,5.0,0.0,5.0,2.0,0.0,-1.164263643174722,1.5,3,1.4684399311374974,5,
6,9,7.8,0.92,2.5,2.45,1.5739014559291136,1,5.0,0.0,5.0,1.0,2.0,0.0,3.75,5,1.5200773042235667,4,0.4857142857142857
6,10,8.0,0.7,2.92,2.7935999999999996,1.4242166757343235,0,5.0,0.0,5.0,0.0,6.0,0.7935019592244956,9.25,5,1.3503882390542545,3,1.6
7,1,8.3,0.6,3.08,1.9136000000000004,1.567222270658586,3,5.0,1.0,4.0,1.0,1.0,0.19727941820314704,5.75,3,1.1692069938266252,3,0.7000000000000001
7,2,8.1,0.7916666666666666,3.21875,3.8583984375,1.5016388189797016,5,10.0,0.0,10.0,0.0,0.0,-0.700121710424527,3.0,2,1.789719029162009,4,
7,3,8.3,0.95,2.96,2.6784,1.3917241009465362,3,5.0,0.0,5.0,0.0,1.0,-0.9949095260359465,4.0,1,1.4543808235118076,5,0.1
7,4,8.5,0.5263157894736842,2.888888888888889,2.54320987654321,1.4345138369877333,3,5.0,0.0,5.0,3.0,0.0,-1.2864700617061369,1.75,1,1.440335586838669,3,
7,5,8.0,0.52,2.966666666666667,3.1655555555555557,1.644398965683779,1,5.0,0.0,5.0,0.0,5.0,-0.42587583827359604,9.0,5,1.533049580526321,2,0.7428571428571429
7,6,8.2,0.52,2.9,1.9566666666666666,1.559525226028568,1,5.0,0.0,5.0,2.0,1.0,0.27154541788364345,2.0,3,1.3697736302383778,4,-0.08571428571428572
7,7,8.4,0.64,2.7666666666666666,1.7788888888888892,1.6331078403317116,2,5.0,1.0,4.0,0.0,3.0,0.726589106594963,5.5,5,1.2340487662747264,4,0.8857142857142857
7,8,8.2,0.55,3.2,1.92,1.6155078824205684,2,5.0,1.0,4.0,-1.0,1.0,-0.8851929845765483,5.0,3,1.0756957956758832,4,-0.1
7,9,8.3,0.4,2.433333333333333,2.978888888888889,1.50018987757188,1,5.0,0.0,5.0,0.0,3.0,0.18424374151249817,8.0,5,1.5397996933006426,4,1.857142857142857
7,10,8.7,0.64,2.4,3.5066666666666664,1.3917288078463894,0,5.0,0.0,5.0,0.0,4.0,0.5936004596374715,5.75,6,1.8027916056430442,4,0.22857142857142856
9,1,7.8,0.65,2.84,2.9344000000000006,1.5856585152553784,3,5.0,0.0,5.0,0.0,1.0,0.15274429755954813,3.5,4,1.6527810395870095,4,0.5
9,2,8.2,0.6,3.08,2.9536000000000002,1.6279136509068302,1,5.0,0.0,5.0,1.0,1.0,-0.6049203448332652,4.5,3,1.5713023582609462,4,1.7000000000000002
9,3,7.8,0.68,3.066666666666667,1.8622222222222222,1.6098757923421048,3,5.0,1.0,4.0,1.0,3.0,0.5160349854227421,5.75,4,1.2674130738905227,5,1.0
9,4,8.1,1.15,2.92,1.7535999999999998,1.1399745047367589,3,5.0,1.0,4.0,0.0,2.0,-0.20814561571703522,4.25,4,1.1829043712647698,3,1.0
9,5,7.9,0.5,3.16,1.7344,1.5794882683794564,2,5.0,1.0,4.0,1.0,1.0,-0.20569227175572583,4.0,1,1.1821506426776147,3,2.1
9,6,7.7,0.55,2.88,3.0656,1.529066428763391,1,5.0,0.0,5.0,2.0,3.0,0.09889552007074308,5.75,4,1.6340827026915459,3,1.0
9,7,7.8,0.8,3.52,6.2496,1.54411540487225,3,13.0,0.0,13.0,-1.0,2.0,0.022840130773560334,8.0,3,1.865149805377103,4,2.4000000000000004
9,8,7.8,0.5,3.08,1.5136,1.4977453811367252,1,5.0,1.0,4.0,1.0,2.0,-0.2226770647558974,5.75,3,0.9611549085165214,4,2.0
9,9,8.0,0.95,3.36,2.2304000000000004,1.553802542635296,3,5.0,0.0,5.0,0.0,2.0,-0.5507812500000013,2.75,2,1.3986790883795002,4,0.7000000000000001
9,10,8.2,0.9090909090909091,1.962962962962963,4.035665294924554,1.1276751676926036,3,5.0,0.0,5.0,-1.0,,,,0,2.001831470077965,4,
8,1,7.7,0.2631578947368421,2.888888888888889,2.5432098765432096,1.440507880395022,3,5.0,0.0,5.0,1.0,0.0,-0.15274429755954683,5.5,5,1.420003073510944,3,
8,2,7.6,0.72,2.966666666666667,1.7655555555555555,1.4948927956271012,2,5.0,1.0,4.0,1.0,1.0,-0.5692290289523139,4.0,2,1.2049735696409498,3,0.9714285714285714
8,3,7.6,0.5,2.92,2.4736000000000002,1.568226081829414,1,5.0,0.0,5.0,0.0,2.0,-0.19727941820314712,5.5,5,1.385801636085135,4,1.2000000000000002
8,4,7.7,0.6086956521739131,2.357142857142857,3.8724489795918373,1.388370853674794,2,5.0,0.0,5.0,-2.0,,,,2,1.9587975076895503,5,
8,5,7.6,0.44,3.066666666666667,1.9288888888888889,1.5588439262677223,2,5.0,0.0,5.0,2.0,1.0,-0.726589106594963,3.25,1,1.3004283536295485,5,1.2
8,6,7.7,0.92,2.0,3.2666666666666666,1.5480833027220753,3,5.0,0.0,5.0,0.0,1.0,0.0,3.75,2,1.7650465155483275,5,1.657142857142857
8,7,7.7,0.55,2.84,3.0944000000000007,1.457246202489657,0,5.0,0.0,5.0,0.0,11.0,1.3012011160284134,12.25,5,1.354669125421895,2,3.3000000000000003
8,8,7.9,0.3,2.64,3.7504000000000004,1.5456449898535884,1,5.0,0.0,5.0,0.0,3.0,0.246907240862588,9.75,5,1.5744120979519125,2,1.7000000000000002
8,9,7.7,0.92,2.933333333333333,1.7288888888888887,1.4179819326101188,3,5.0,1.0,4.0,-1.0,1.0,0.3804646084815715,3.0,2,1.2573354300801327,3,1.3714285714285714
8,10,8.0,0.55,2.64,3.0304,1.4310598374007026,0,5.0,0.0,5.0,0.0,5.0,1.2621071358631293,6.0,5,1.6558833299278715,2,1.0
11,1,7.8,0.35,2.56,3.1264,1.5504906972479813,1,5.0,0.0,5.0,0.0,2.0,-0.3558310718809051,7.75,2,1.2700633096309475,3,2.6
11,2,7.8,0.6,3.16,2.2944,1.5610520237826642,1,5.0,0.0,5.0,1.0,4.0,0.4046348853607489,6.5,4,1.268029904647467,4,1.2000000000000002
11,3,7.5,0.95,2.92,2.7135999999999996,1.3414811554778001,1,5.0,0.0,5.0,2.0,2.0,0.38595568587775997,6.75,4,1.4404364281366382,2,2.6
11,4,8.0,0.3,2.8,3.84,1.6642250508504464,2,5.0,0.0,5.0,0.0,2.0,0.12672258218421675,11.25,5,1.2842160998957248,3,3.7
11,5,8.0,0.95,2.8,2.6400000000000006,1.5055923539739322,1,5.0,0.0,5.0,2.0,2.0,0.35136418446315326,3.75,4,1.5107603648257726,3,1.7000000000000002
11,6,8.5,0.4782608695652174,2.642857142857143,2.8010204081632653,1.437453036365504,1,5.0,0.0,5.0,,0.0,-0.5451388888888898,2.75,5,1.531412241632562,3,
11,7,7.9,0.7,2.76,3.1423999999999994,1.5414721972496526,0,5.0,0.0,5.0,0.0,8.0,1.0075131480090151,10.25,5,1.487842314830166,3,1.8
11,8,7.9,0.3,2.96,1.3984,1.4901853200448563,1,5.0,1.0,4.0,1.0,1.0,-0.29310456784806704,4.0,3,1.002236962206685,3,0.8
11,9,7.8,0.55,3.04,2.3584,1.5543849455044287,1,5.0,0.0,5.0,1.0,2.0,-0.4006738303758192,6.0,4,1.2223680618326875,2,1.1
11,10,8.3,0.65,3.04,2.0383999999999998,1.4285404172606864,2,5.0,1.0,4.0,0.0,2.0,-0.03996880470655378,4.75,4,1.2947310592586891,4,0.9
10,1,7.6,1.1,1.88,3.3056,1.318859942936742,3,5.0,0.0,5.0,0.0,1.0,-0.4034071139708372,3.25,5,1.7384864204600567,3,0.6000000000000001
10,2,7.4,0.7894736842105263,3.2222222222222223,3.0617283950617282,1.3878781356254286,2,6.0,0.0,6.0,-2.0,0.0,-0.3804646084815715,2.0,2,1.7287458748729385,4,
10,3,7.7,0.2,2.88,3.3856,1.5935445985704515,0,6.0,0.0,6.0,0.0,2.0,-0.8549437766180212,5.75,5,1.6173839195704762,2,0.30000000000000004
10,4,7.4,0.9,3.08,3.1135999999999995,1.5864104197962026,0,5.0,0.0,5.0,0.0,2.0,0.36317347441943004,4.5,5,1.6788335870443536,4,1.7000000000000002
10,5,7.5,0.64,3.4,1.84,1.6098757923421045,3,5.0,1.0,4.0,0.0,2.0,0.07233403916876159,7.0,3,1.1476348641521974,3,1.5714285714285714
10,6,7.7,0.6,3.08,1.6736000000000002,1.5806318503156758,1,5.0,1.0,4.0,-1.0,3.0,0.30471343075711904,8.25,3,0.902880161370106,2,2.1
10,7,7.5,0.9545454545454546,2.4074074074074074,3.130315500685871,1.4076265751634074,3,5.0,0.0,5.0,1.0,,,,1,1.697939018606839,4,
10,8,7.3,0.4,2.36,3.1904000000000003,1.4950310274392493,1,5.0,0.0,5.0,1.0,6.0,0.5226337448559666,7.75,3,1.6186386885906714,4,1.1
10,9,7.5,0.4,2.96,2.7584,1.63508770895358,3,5.0,0.0,5.0,1.0,1.0,-0.4071557353021881,7.75,4,1.0857505900084643,3,2.8000000000000003
10,10,7.6,0.3157894736842105,2.5185185185185186,3.4348422496570654,1.2632013577252574,3,5.0,0.0,5.0,0.0,0.0,-0.3075064227581433,4.25,1,1.781861400169019,4,
12,1,8.1,0.9,2.96,2.2784,1.518505102228708,2,6.0,1.0,5.0,3.0,1.0,-0.39587033734381827,2.75,3,1.454035892553748,4,1.8
12,2,7.7,0.35,3.28,1.9616000000000002,1.541979177018167,1,5.0,1.0,4.0,1.0,3.0,0.13150949998865513,4.5,4,1.254403227097501,4,0.9
12,3,7.5,0.85,3.2,1.92,1.6279136509068302,0,6.0,1.0,5.0,0.0,3.0,0.6450461152784873,6.25,5,1.2022513618151969,3,1.0
12,4,8.0,0.7,3.16,1.8943999999999996,1.54411540487225,1,5.0,1.0,4.0,1.0,5.0,1.0391889223704163,6.5,4,1.2261781034921104,4,1.4000000000000001
12,5,8.2,0.7,2.8,5.36,1.2170114553504887,1,10.0,0.0,10.0,0.0,4.0,0.17443694974549945,8.75,5,1.999900229867995,3,2.1
12,6,7.7,0.55,3.04,2.1184,1.5260651633205768,1,5.0,1.0,4.0,1.0,2.0,-0.8184255374428422,4.75,4,1.2001527133385101,3,1.5
12,7,7.9,0.4,2.92,3.1935999999999996,1.5088116240419418,1,5.0,0.0,5.0,0.0,1.0,-1.0318052964821574,4.25,5,1.6240922973686769,3,0.1
12,8,7.8,0.36363636363636365,2.925925925925926,7.327846364883402,1.3402153343943335,4,5.0,-5.0,10.0,0.0,0.0,-0.3586005830903793,6.5,4,2.389284281797324,4,
12,9,7.9,0.5,2.88,3.3056,1.5806318503156758,2,5.0,0.0,5.0,-1.0,3.0,0.06395893074888355,8.25,3,1.5055251904894331,3,1.3
12,10,8.5,0.9,3.72,1.4816,1.4289264203058054,2,5.0,1.0,4.0,2.0,1.0,-0.7946382935984547,4.25,3,0.9679379709201685,3,0.8
13,1,8.1,0.25,3.08,1.9136000000000002,1.5060993337424464,0,5.0,1.0,4.0,0.0,5.0,0.23193573298977252,9.5,5,0.9212840341418087,3,2.4000000000000004
13,2,7.8,0.45,3.04,1.9583999999999997,1.518505102228708,1,5.0,1.0,4.0,1.0,2.0,0.39587033734381816,3.5,1,1.3026911517396462,3,1.2000000000000002
13,3,7.8,0.15,3.24,3.7824,1.5935445985704515,0,6.0,0.0,6.0,0.0,9.0,0.9236432692586437,11.0,5,1.6056252269462874,3,1.6
13,4,8.2,1.0,3.037037037037037,2.5541838134430725,1.0476916885434067,5,5.0,0.0,5.0,-1.0,,,,0,1.4481908656492712,4,
13,5,7.9,0.44,2.2333333333333334,3.778888888888888,1.4666868902368109,0,5.0,0.0,5.0,0.0,8.0,1.3627927530355541,9.5,6,1.8170872638457163,3,1.8285714285714285
13,6,8.1,0.8947368421052632,2.2962962962962963,3.2455418381344305,1.0921110023924456,3,5.0,0.0,5.0,0.0,0.0,-0.10970865373087005,3.25,1,1.7763971894509343,5,
13,7,7.8,0.56,3.6666666666666665,1.6222222222222222,1.5126275347604456,0,5.0,1.0,4.0,0.0,4.0,0.7420146544195524,7.5,6,1.0636861655269196,5,1.0857142857142856
13,8,7.7,0.5,3.24,2.1024,1.5739647720374401,2,5.0,1.0,4.0,0.0,1.0,-0.6516986496800821,4.75,2,1.1700476395126265,3,1.2000000000000002
13,9,7.9,0.5,2.8,3.4400000000000004,1.551675465964119,0,5.0,0.0,5.0,0.0,2.0,-0.557657184542019,6.25,5,1.6547592003378953,3,1.0
13,10,8.4,0.55,3.56,2.2464,1.5476424441255747,2,5.0,0.0,5.0,1.0,1.0,-0.12735442297269256,5.25,2,1.2073651825129135,3,1.1
17,1,7.5,0.7142857142857143,2.5714285714285716,3.4591836734693886,1.4483868902599397,4,5.0,0.0,5.0,2.0,0.0,-0.4692912730377025,4.5,4,1.7264824792654228,4,
17,2,7.4,0.95,3.56,2.5664,1.640319419393092,3,5.0,0.0,5.0,2.0,1.0,-0.16325763946488306,4.0,2,1.459450376083546,3,1.5
17,3,7.5,0.6,3.04,2.1984,1.5811388300841898,0,5.0,0.0,5.0,0.0,4.0,-0.060337890770766595,8.5,5,1.0716596897377937,2,2.1
17,4,7.4,0.55,2.96,3.4784,1.653523953550372,2,5.0,0.0,5.0,-1.0,1.0,0.2436882573654873,4.0,4,1.80060055962932,3,0.4
17,5,7.3,0.6,3.08,2.2336,1.63508770895358,1,5.0,0.0,5.0,1.0,4.0,0.5936004596374715,5.75,4,1.3447200288880699,4,1.3
17,6,7.7,0.4,2.7666666666666666,3.778888888888888,1.7293705984209327,2,5.0,0.0,5.0,0.0,1.0,-1.0318052964821587,4.25,5,1.8373236820093612,3,0.02857142857142857
17,7,7.5,0.4,2.96,2.1984,1.5615590035511784,2,5.0,0.0,5.0,-1.0,1.0,-0.6766677878381924,5.25,2,1.2364451277503685,3,1.2000000000000002
17,8,7.8,0.8,3.4,3.28,1.4556952909850824,1,7.0,1.0,6.0,1.0,5.0,0.8591166119723822,6.25,3,1.6744237442223167,4,1.6
17,9,7.3,0.45,3.12,1.7856,1.596745615600572,1,5.0,1.0,4.0,1.0,2.0,0.0427232274438368,6.75,3,1.013701235616613,4,2.0
17,10,7.7,0.5,3.32,3.0176,1.5543849455044287,2,6.0,0.0,6.0,0.0,3.0,-0.5061857103417249,5.5,4,1.5663438830255278,4,0.9
16,1,8.0,0.65,3.2,2.8,1.4506396639337145,0,5.0,0.0,5.0,0.0,2.0,0.48022578053614035,6.25,5,1.4688368494492525,3,1.0
16,2,7.5,0.7894736842105263,2.814814814814815,2.595336076817558,1.488388817128954,3,5.0,0.0,5.0,-1.0,0.0,-0.25851592330829637,4.75,3,1.4504463987745249,4,
16,3,7.5,0.3,3.04,2.838399999999999,1.5256791602754578,0,5.0,0.0,5.0,0.0,5.0,-0.13317625683234638,11.0,5,1.0104085576232695,2,3.0
16,4,7.6,1.0,3.0,2.740740740740741,1.3616201058478008,3,5.0,0.0,5.0,-2.0,,,,3,1.4725925627866299,4,
16,5,7.5,0.5,2.44,2.9664000000000006,1.5615590035511784,2,5.0,0.0,5.0,0.0,1.0,-1.0391889223704163,3.5,1,1.6001126314193403,4,1.4000000000000001
16,6,7.5,0.35,3.24,1.5424,1.6446452243174352,2,5.0,1.0,4.0,0.0,2.0,-1.1692868075960139,4.75,4,0.9378245227072787,4,0.30000000000000004
16,7,7.5,0.5789473684210527,2.185185185185185,3.7805212620027437,1.3971923494472571,4,5.0,0.0,5.0,2.0,0.0,-1.283211900342913,2.75,3,1.8839511014986132,5,
16,8,8.0,0.5,2.6,3.76,1.5441341989142463,2,5.0,-1.0,6.0,1.0,2.0,-0.6288941186718158,5.0,2,1.7561316080727223,3,0.7000000000000001
16,9,7.6,0.7,2.72,3.3216,1.347179725120594,1,5.0,0.0,5.0,1.0,5.0,0.3987501228091416,8.0,3,1.6256780032427869,2,2.6
16,10,8.1,1.0,2.96,2.2783999999999995,1.4237096959658093,2,5.0,1.0,4.0,-1.0,1.0,-0.84785662943185,2.75,4,1.4374683643416637,4,0.1
14,1,7.7,0.95,3.08,2.3936,1.4609120153250785,2,5.0,0.0,5.0,-1.0,1.0,-0.726589106594965,3.25,3,1.414636255000149,3,1.1
14,2,8.2,0.56,3.033333333333333,2.3655555555555554,1.5854985887837831,0,7.0,0.0,7.0,0.0,9.0,0.631360169714637,14.75,6,0.9868334436853777,1,3.371428571428571
14,3,8.2,0.65,3.16,2.6144,1.6155078824205684,1,5.0,0.0,5.0,1.0,3.0,-0.2715454178836401,5.25,2,1.4752657312808866,3,2.2
14,4,7.7,0.4,3.08,1.9135999999999997,1.5796280391448478,1,5.0,1.0,4.0,2.0,3.0,0.06395893074888348,8.25,2,1.0086752784393898,2,2.3000000000000003
14,5,7.8,1.05,3.92,1.4335999999999998,1.2207135808086624,2,5.0,1.0,4.0,0.0,3.0,0.5677202789263075,4.25,4,1.079729182200547,3,1.0
14,6,7.9,0.6,2.48,3.2896000000000005,1.618356135542975,0,5.0,0.0,5.0,0.0,5.0,0.03936554884686319,8.25,5,1.5370282036317038,3,1.3
14,7,8.0,0.6,3.12,3.6256000000000004,1.6411181850641108,0,5.0,0.0,5.0,0.0,3.0,-0.6656356441378719,6.75,5,1.6366106585875517,3,1.7000000000000002
14,8,7.9,0.2,2.6,3.2,1.4581745905598664,0,5.0,0.0,5.0,0.0,4.0,0.21294380019383166,10.0,5,1.391435194361305,2,1.6
14,9,7.9,0.6,3.2666666666666666,1.7955555555555556,1.614499096287345,3,5.0,1.0,4.0,2.0,1.0,0.025248270113336926,4.25,5,1.2627902653895275,3,0.5142857142857143
14,10,8.1,0.24,2.3666666666666667,2.9655555555555546,1.4424896555623599,0,5.0,0.0,5.0,0.0,4.0,-0.14630002252097304,7.25,6,1.558083562767892,3,0.4857142857142857
15,1,7.7,0.45,2.84,2.8544,1.5256791602754578,0,5.0,0.0,5.0,0.0,3.0,-0.1702026400476159,6.0,5,1.5203790491710958,3,1.4000000000000001
15,2,7.7,0.9,3.12,2.8256,1.3652487607142632,3,5.0,0.0,5.0,1.0,1.0,-0.2715454178836386,1.75,1,1.6423561149048218,5,0.2
15,3,7.6,0.6,3.2,2.48,1.5799952481479707,1,5.0,0.0,5.0,3.0,1.0,-0.39747355239542387,6.25,4,1.2630909452446657,4,2.3000000000000003
15,4,7.9,0.6,2.28,2.9216,1.5935445985704515,1,5.0,0.0,5.0,1.0,2.0,-0.36425251150465227,4.5,3,1.5852502006788534,4,0.7000000000000001
15,5,7.7,0.6,3.88,7.9456,1.4772725717900805,1,10.0,0.0,10.0,1.0,3.0,-0.2954422544767107,10.75,3,2.3706915780442714,3,4.7
15,6,7.6,0.25,2.88,2.7456,1.4242166757343235,0,5.0,0.0,5.0,0.0,3.0,-0.14972974618223453,8.25,5,1.3114709720551472,2,1.3
15,7,7.7,0.9,3.08,3.1136,1.5380849287617195,1,5.0,0.0,5.0,0.0,3.0,0.09889552007074304,5.75,5,1.635499068082656,4,1.3
15,8,7.8,0.85,3.28,2.6015999999999995,1.573457792268926,2,5.0,0.0,5.0,3.0,2.0,-0.3700366501636172,4.5,4,1.5003252822357651,4,0.8
15,9,7.9,0.55,3.36,2.9504,1.589185554508703,2,5.0,0.0,5.0,3.0,1.0,-0.05556159398511178,5.25,3,1.545750237822643,3,1.8
15,10,7.8,0.6842105263157895,2.4814814814814814,4.323731138545954,1.480424220992408,4,5.0,0.0,5.0,4.0,0.0,0.23124683792451106,5.75,4,2.0082323923123298,3,
